月日,曜日,ホーム,ホーム得点,備考,ビジター得点,ビジター,球場,開始時間,開始時間（分）,勝ち投手,負け投手
6/19,金,巨人,3,-,2,阪神,東京ドーム,18,0,菅野,岩崎
6/19,金,ヤクルト,7,-,9,中日,神　宮,18,0,福,今野
6/19,金,DeNA,1,-,5,広島,横　浜,18,0,大瀬良,今永
6/19,金,西武,3,-,0,日本ハム,メットライフ,18,0,ニール,有原
6/19,金,オリックス,1,-,9,楽天,京セラD大阪,18,0,則本昂,神戸
6/19,金,ソフトバンク,2,-,1,ロッテ,PayPayドーム,18,0,高橋礼,東條
6/20,土,巨人,11,-,1,阪神,東京ドーム,14,0,田口,岩貞
6/20,土,ヤクルト,6,-,2,中日,神　宮,14,0,小川,吉見
6/20,土,DeNA,5,-,10,広島,横　浜,14,0,中﨑,三嶋
6/20,土,西武,1,-,2,日本ハム,メットライフ,14,0,玉井,松本
6/20,土,オリックス,1,-,2,楽天,京セラD大阪,14,0,森原,澤田
6/20,土,ソフトバンク,2,-,3,ロッテ,PayPayドーム,14,0,ハーマン,松本
6/21,日,巨人,7,-,1,阪神,東京ドーム,13,0,サンチェス,ガルシア
6/21,日,ヤクルト,0,-,3,中日,神　宮,13,0,梅津,山田大
6/21,日,DeNA,2,-,1,広島,横　浜,14,0,パットン,スコット
6/21,日,西武,2,-,12,日本ハム,メットライフ,14,0,堀,與座
6/21,日,オリックス,4,-,0,楽天,京セラD大阪,13,0,山本,石橋
6/21,日,ソフトバンク,1,-,5,ロッテ,PayPayドーム,14,0,美馬,二保
6/23,火,巨人,3,-,2,広島,東京ドーム,18,0,戸郷,ジョンソン
6/23,火,ヤクルト,1,-,4,阪神,神　宮,18,0,青柳,イノーア
6/23,火,DeNA,3,-,0,中日,横　浜,18,0,濵口,柳
6/23,火,楽天,4,-,0,日本ハム,楽天生命パーク,18,0,弓削,マルティネス
6/23,火,西武,11,-,3,ソフトバンク,メットライフ,18,0,髙橋光,ムーア
6/23,火,ロッテ,6,-,5,オリックス,ZOZOマリン,18,0,田中,ディクソン
6/24,水,巨人,1,-,5,広島,東京ドーム,18,0,九里,メルセデス
6/24,水,ヤクルト,6,-,1,阪神,神　宮,18,0,スアレス,ガンケル
6/24,水,DeNA,3,-,2,中日,横　浜,18,0,井納,山本
6/24,水,楽天,5,-,2,日本ハム,楽天生命パーク,18,0,涌井,河野
6/24,水,西武,6,-,9,ソフトバンク,メットライフ,18,0,津森,今井
6/24,水,ロッテ,6,-,4,オリックス,ZOZOマリン,18,0,小島,K-鈴木
6/25,木,巨人,5,-,5,広島,東京ドーム,18,0,宮國,スコット
6/25,木,ヤクルト,3,-,1,阪神,神　宮,18,0,長谷川,藤川
6/25,木,DeNA,10,-,2,中日,横　浜,18,0,坂本,岡野
6/25,木,楽天,5,-,8,日本ハム,楽天生命パーク,18,0,バーヘイゲン,塩見
6/25,木,西武,2,-,4,ソフトバンク,メットライフ,18,0,バンデンハーク,本田
6/25,木,ロッテ,5,-,0,オリックス,ZOZOマリン,18,0,岩下,村西
6/26,金,ヤクルト,5,-,6,巨人,神　宮,18,0,澤村,石山
6/26,金,DeNA,6,-,0,阪神,横　浜,18,0,今永,西勇
6/26,金,中日,1,-,4,広島,ナゴヤドーム,18,0,大瀬良,大野雄
6/26,金,楽天,7,-,1,日本ハム,楽天生命パーク,18,0,則本昂,有原
6/26,金,西武,7,-,4,ソフトバンク,メットライフ,18,0,ギャレット,岩嵜
6/26,金,ロッテ,6,-,5,オリックス,ZOZOマリン,18,0,小野,海田
6/27,土,ヤクルト,9,-,6,巨人,神　宮,14,0,中澤,高木
6/27,土,DeNA,6,-,8,阪神,横　浜,18,0,伊藤和,山﨑
6/27,土,中日,6,-,1,広島,ナゴヤドーム,14,0,吉見,床田
6/27,土,楽天,18,-,4,日本ハム,楽天生命パーク,14,0,酒居,玉井
6/27,土,西武,8,-,7,ソフトバンク,メットライフ,14,0,小川,岩嵜
6/27,土,ロッテ,2,-,1,オリックス,ZOZOマリン,14,0,ハーマン,澤田
6/28,日,ヤクルト,0,-,12,巨人,神　宮,13,0,サンチェス,山田大
6/28,日,DeNA,9,-,1,阪神,横　浜,18,0,平良,中田
6/28,日,中日,3,-,10,広島,ナゴヤドーム,14,0,森下,梅津
6/28,日,楽天,4,-,6,日本ハム,楽天生命パーク,13,0,杉浦,石橋
6/28,日,西武,4,-,3,ソフトバンク,メットライフ,13,0,増田,泉
6/28,日,ロッテ,6,-,5,オリックス,ZOZOマリン,14,0,東條,増井
6/30,火,巨人,5,-,2,DeNA,東京ドーム,18,0,戸郷,国吉
6/30,火,ヤクルト,,中止,,広島,神　宮,18,0,,
6/30,火,中日,5,-,0,阪神,ナゴヤドーム,18,0,柳,青柳
6/30,火,日本ハム,1,-,1,ソフトバンク,札幌ドーム,18,0,公文,嘉弥真
6/30,火,楽天,15,-,4,ロッテ,楽天生命パーク,18,0,弓削,二木
6/30,火,西武,3,-,2,オリックス,メットライフ,18,0,髙橋光,アルバース
7/1,水,巨人,3,-,5,DeNA,東京ドーム,18,0,パットン,澤村
7/1,水,ヤクルト,4,-,3,広島,神　宮,18,0,スアレス,ジョンソン
7/1,水,中日,6,-,3,阪神,ナゴヤドーム,18,0,山本,秋山
7/1,水,日本ハム,0,-,4,ソフトバンク,札幌ドーム,18,0,石川,マルティネス
7/1,水,楽天,5,-,3,ロッテ,楽天生命パーク,18,0,涌井,小島
7/1,水,西武,0,-,6,オリックス,メットライフ,18,0,鈴木,今井
7/2,木,巨人,5,-,3,DeNA,東京ドーム,18,0,桜井,大貫
7/2,木,ヤクルト,9,-,5,広島,神　宮,18,0,石山,スコット
7/2,木,中日,4,-,2,阪神,ナゴヤドーム,18,0,岡野,ガルシア
7/2,木,日本ハム,9,-,8,ソフトバンク,札幌ドーム,18,0,秋吉,森
7/2,木,楽天,5,-,8,ロッテ,楽天生命パーク,18,0,岩下,塩見
7/2,木,西武,9,-,5,オリックス,メットライフ,18,0,平井,山田
7/3,金,巨人,5,-,0,中日,東京ドーム,18,0,菅野,大野雄
7/3,金,ヤクルト,4,-,5,DeNA,神　宮,18,0,今永,石川
7/3,金,広島,,中止,,阪神,マツダスタジアム,18,0,,
7/3,金,日本ハム,1,-,4,ソフトバンク,札幌ドーム,18,0,東浜,有原
7/3,金,楽天,3,-,1,ロッテ,楽天生命パーク,18,0,則本昂,石川
7/3,金,西武,4,-,4,オリックス,メットライフ,18,0,小川,山田
7/4,土,巨人,7,-,3,中日,東京ドーム,14,0,鍬原,吉見
7/4,土,ヤクルト,10,-,8,DeNA,神　宮,18,0,小川,エスコバー
7/4,土,広島,3,-,9,阪神,マツダスタジアム,14,0,岩貞,大瀬良
7/4,土,日本ハム,3,-,8,ソフトバンク,札幌ドーム,14,0,和田,加藤
7/4,土,楽天,3,-,1,ロッテ,楽天生命パーク,14,0,岸,種市
7/4,土,西武,3,-,4,オリックス,メットライフ,18,0,田嶋,小川
7/5,日,巨人,4,-,6,中日,東京ドーム,14,0,梅津,サンチェス
7/5,日,ヤクルト,1,-,8,DeNA,神　宮,17,0,平良,高梨
7/5,日,広島,3,-,8,阪神,マツダスタジアム,13,30,西勇,遠藤
7/5,日,日本ハム,5,-,3,ソフトバンク,札幌ドーム,13,0,玉井,二保
7/5,日,楽天,8,-,1,ロッテ,楽天生命パーク,13,0,石橋,美馬
7/5,日,西武,5,-,8,オリックス,メットライフ,18,0,山本,與座
7/6,月,広島,,中止,,阪神,マツダスタジアム,18,0,,
7/7,火,中日,1,-,2,ヤクルト,ナゴヤドーム,18,0,寺島,岡田
7/7,火,阪神,,中止,,巨人,甲子園,18,0,,
7/7,火,広島,,中止,,DeNA,マツダスタジアム,18,0,,
7/7,火,ロッテ,8,-,6,西武,ZOZOマリン,18,0,有吉,髙橋光
7/7,火,オリックス,7,-,1,日本ハム,京セラD大阪,18,0,アルバース,杉浦
7/7,火,ソフトバンク,4,-,3,楽天,PayPayドーム,18,0,千賀,弓削
7/8,水,中日,5,-,5,ヤクルト,ナゴヤドーム,18,0,R.マルティネス,石山
7/8,水,阪神,,中止,,巨人,甲子園,18,0,,
7/8,水,広島,6,-,3,DeNA,マツダスタジアム,18,0,塹江,パットン
7/8,水,ロッテ,0,-,3,西武,ZOZOマリン,18,0,今井,小島
7/8,水,オリックス,4,-,10,日本ハム,京セラD大阪,18,0,マルティネス,鈴木
7/8,水,ソフトバンク,8,-,12,楽天,PayPayドーム,18,0,涌井,笠谷
7/9,木,中日,6,-,8,ヤクルト,ナゴヤドーム,18,0,マクガフ,岡田
7/9,木,阪神,2,-,1,巨人,甲子園,18,0,岩崎,メルセデス
7/9,木,広島,1,-,5,DeNA,マツダスタジアム,18,0,井納,森下
7/9,木,ロッテ,,ノーゲーム,,西武,ZOZOマリン,18,0,,
7/9,木,オリックス,4,-,4,日本ハム,京セラD大阪,18,0,ヒギンス,秋吉
7/9,木,ソフトバンク,1,-,9,楽天,PayPayドーム,18,0,塩見,バンデンハーク
7/10,金,巨人,,中止,,ヤクルト,ほっと神戸,18,0,,
7/10,金,中日,3,-,2,広島,ナゴヤドーム,18,0,R.マルティネス,フランスア
7/10,金,阪神,3,-,2,DeNA,甲子園,18,0,青柳,大貫
7/10,金,ロッテ,6,-,7,西武,ZOZOマリン,18,0,ギャレット,益田
7/10,金,オリックス,4,-,3,日本ハム,京セラD大阪,18,0,山田,秋吉
7/10,金,ソフトバンク,2,-,1,楽天,PayPayドーム,18,0,高橋礼,J.T.シャギワ
7/11,土,巨人,4,-,9,ヤクルト,ほっと神戸,18,0,小川,サンチェス
7/11,土,中日,4,-,19,広島,ナゴヤドーム,14,0,床田,勝野
7/11,土,阪神,2,-,4,DeNA,甲子園,18,0,石田,藤川
7/11,土,ロッテ,6,-,4,西武,ZOZOマリン,14,0,種市,松本
7/11,土,オリックス,5,-,3,日本ハム,京セラD大阪,14,0,ヒギンス,公文
7/11,土,ソフトバンク,8,-,4,楽天,PayPayドーム,18,0,二保,辛島
7/12,日,巨人,2,-,3,ヤクルト,ほっと神戸,18,0,高梨,桜井
7/12,日,中日,2,-,7,広島,ナゴヤドーム,14,0,遠藤,梅津
7/12,日,阪神,2,-,1,DeNA,甲子園,18,0,岩貞,平良
7/12,日,ロッテ,5,-,8,西武,ZOZOマリン,14,0,平井,フローレス
7/12,日,オリックス,2,-,1,日本ハム,京セラD大阪,13,0,山本,河野
7/12,日,ソフトバンク,6,-,1,楽天,PayPayドーム,14,0,石川,石橋
7/14,火,中日,3,-,5,DeNA,ナゴヤドーム,18,0,大貫,山本
7/14,火,阪神,6,-,3,ヤクルト,甲子園,18,0,秋山,石川
7/14,火,広島,2,-,7,巨人,マツダスタジアム,18,0,菅野,九里
7/14,火,日本ハム,2,-,5,ロッテ,札幌ドーム,18,0,美馬,上沢
7/14,火,楽天,,中止,,西武,楽天生命パーク,18,0,,
7/14,火,オリックス,3,-,10,ソフトバンク,京セラD大阪,18,0,千賀,アルバース
7/15,水,中日,2,-,1,DeNA,ナゴヤドーム,18,0,松葉,濵口
7/15,水,阪神,5,-,9,ヤクルト,甲子園,18,0,マクガフ,伊藤和
7/15,水,広島,1,-,12,巨人,マツダスタジアム,18,0,戸郷,ジョンソン
7/15,水,日本ハム,6,-,4,ロッテ,札幌ドーム,18,0,宮西,小野
7/15,水,楽天,11,-,0,西武,楽天生命パーク,18,0,涌井,今井
7/15,水,オリックス,0,-,7,ソフトバンク,京セラD大阪,18,0,和田,鈴木
7/16,木,中日,8,-,0,DeNA,ナゴヤドーム,18,0,岡野,中川
7/16,木,阪神,6,-,4,ヤクルト,甲子園,18,0,岩崎,清水
7/16,木,広島,4,-,9,巨人,マツダスタジアム,18,0,メルセデス,薮田
7/16,木,日本ハム,3,-,4,ロッテ,札幌ドーム,18,0,岩下,バーヘイゲン
7/16,木,楽天,7,-,4,西武,楽天生命パーク,18,0,安樂,髙橋光
7/16,木,オリックス,4,-,3,ソフトバンク,京セラD大阪,18,0,山﨑福,バンデンハーク
7/17,金,DeNA,1,-,2,巨人,横　浜,18,0,今村,井納
7/17,金,阪神,4,-,1,中日,甲子園,18,0,青柳,大野雄
7/17,金,広島,9,-,2,ヤクルト,マツダスタジアム,18,0,大瀬良,吉田大喜
7/17,金,日本ハム,7,-,4,ロッテ,札幌ドーム,18,0,有原,石川
7/17,金,楽天,2,-,10,西武,楽天生命パーク,18,0,ニール,則本昂
7/17,金,オリックス,1,-,9,ソフトバンク,京セラD大阪,18,0,笠谷,榊原
7/18,土,DeNA,2,-,4,巨人,横　浜,18,0,サンチェス,今永
7/18,土,阪神,8,-,3,中日,甲子園,18,0,西勇,勝野
7/18,土,広島,4,-,9,ヤクルト,マツダスタジアム,18,0,小川,床田
7/18,土,日本ハム,2,-,5,ロッテ,札幌ドーム,14,0,種市,村田
7/18,土,楽天,3,-,4,西武,楽天生命パーク,14,0,松本,塩見
7/18,土,オリックス,1,-,2,ソフトバンク,京セラD大阪,18,0,石川,田嶋
7/19,日,DeNA,3,-,5,巨人,横　浜,18,0,大竹,山﨑
7/19,日,阪神,11,-,3,中日,甲子園,18,0,能見,梅津
7/19,日,広島,3,-,3,ヤクルト,マツダスタジアム,18,0,ジョンソン,石山
7/19,日,日本ハム,9,-,2,ロッテ,札幌ドーム,14,0,河野,有吉
7/19,日,楽天,9,-,5,西武,楽天生命パーク,13,0,ブセニッツ,平井
7/19,日,オリックス,2,-,3,ソフトバンク,京セラD大阪,13,0,二保,山本
7/21,火,DeNA,4,-,6,ヤクルト,横　浜,18,0,原,ピープルズ
7/21,火,中日,0,-,4,巨人,ナゴヤドーム,18,0,菅野,山本
7/21,火,阪神,9,-,4,広島,甲子園,18,0,秋山,九里
7/21,火,楽天,3,-,10,オリックス,楽天生命パーク,18,0,アルバース,宋家豪
7/21,火,西武,8,-,3,ロッテ,メットライフ,18,0,今井,美馬
7/21,火,ソフトバンク,1,-,2,日本ハム,PayPayドーム,18,0,杉浦,千賀
7/22,水,DeNA,5,-,5,ヤクルト,横　浜,18,0,三嶋,石山
7/22,水,中日,5,-,0,巨人,ナゴヤドーム,18,0,松葉,戸郷
7/22,水,阪神,3,-,3,広島,甲子園,18,0,馬場,ジョンソン
7/22,水,楽天,7,-,11,オリックス,楽天生命パーク,18,0,吉田一,森原
7/22,水,西武,1,-,2,ロッテ,メットライフ,18,0,小島,髙橋光
7/22,水,ソフトバンク,3,-,2,日本ハム,PayPayドーム,18,0,椎野,マルティネス
7/23,木,DeNA,6,-,0,ヤクルト,横　浜,18,0,大貫,高橋
7/23,木,中日,1,-,6,巨人,ナゴヤドーム,14,0,メルセデス,福
7/23,木,阪神,2,-,4,広島,甲子園,18,0,森下,藤浪
7/23,木,楽天,2,-,2,オリックス,楽天生命パーク,18,0,牧田,ディクソン
7/23,木,西武,3,-,2,ロッテ,メットライフ,18,0,與座,岩下
7/23,木,ソフトバンク,2,-,3,日本ハム,PayPayドーム,18,0,バーヘイゲン,笠谷
7/24,金,ヤクルト,5,-,5,巨人,神　宮,18,0,中澤,中川
7/24,金,DeNA,9,-,6,広島,横　浜,18,0,国吉,一岡
7/24,金,中日,2,-,5,阪神,ナゴヤドーム,18,0,青柳,谷元
7/24,金,楽天,2,-,6,オリックス,楽天生命パーク,18,0,榊原,則本昂
7/24,金,西武,3,-,2,ロッテ,メットライフ,18,0,増田,益田
7/24,金,ソフトバンク,4,-,1,日本ハム,PayPayドーム,18,0,東浜,有原
7/25,土,ヤクルト,6,-,5,巨人,神　宮,18,0,石山,中川
7/25,土,DeNA,6,-,2,広島,横　浜,18,0,今永,床田
7/25,土,中日,1,-,0,阪神,ナゴヤドーム,14,0,福,西勇
7/25,土,楽天,3,-,6,オリックス,楽天生命パーク,18,0,山田,森原
7/25,土,西武,0,-,5,ロッテ,メットライフ,18,0,種市,本田
7/25,土,ソフトバンク,7,-,9,日本ハム,PayPayドーム,14,0,金子,椎野
7/26,日,ヤクルト,4,-,9,巨人,神　宮,18,0,桜井,高梨
7/26,日,DeNA,6,-,10,広島,横　浜,18,0,菊池保,山﨑
7/26,日,中日,3,-,9,阪神,ナゴヤドーム,14,0,藤川,福
7/26,日,楽天,5,-,4,オリックス,楽天生命パーク,17,0,牧田,ヒギンス
7/26,日,西武,4,-,2,ロッテ,メットライフ,18,0,平井,小野
7/26,日,ソフトバンク,6,-,1,日本ハム,PayPayドーム,13,0,二保,河野
7/28,火,巨人,4,-,2,DeNA,東京ドーム,18,0,菅野,井納
7/28,火,ヤクルト,5,-,20,阪神,神　宮,18,0,秋山,イノーア
7/28,火,広島,2,-,3,中日,マツダスタジアム,18,0,岡田,塹江
7/28,火,日本ハム,5,-,1,オリックス,札幌ドーム,18,0,上沢,アルバース
7/28,火,ロッテ,13,-,12,楽天,ZOZOマリン,18,0,益田,J.T.シャギワ
7/28,火,ソフトバンク,9,-,4,西武,PayPayドーム,18,0,千賀,平井
7/29,水,巨人,2,-,3,DeNA,東京ドーム,18,0,濵口,戸郷
7/29,水,ヤクルト,3,-,1,阪神,神　宮,18,0,原,ガルシア
7/29,水,広島,2,-,0,中日,マツダスタジアム,18,0,野村,松葉
7/29,水,日本ハム,6,-,2,オリックス,札幌ドーム,18,0,玉井,山田
7/29,水,ロッテ,1,-,5,楽天,ZOZOマリン,18,0,涌井,小島
7/29,水,ソフトバンク,4,-,2,西武,PayPayドーム,18,0,和田,松本
7/30,木,巨人,2,-,4,DeNA,東京ドーム,18,0,大貫,メルセデス
7/30,木,ヤクルト,6,-,0,阪神,神　宮,18,0,高橋,藤浪
7/30,木,広島,4,-,4,中日,マツダスタジアム,18,0,塹江,岡田
7/30,木,日本ハム,7,-,3,オリックス,札幌ドーム,18,0,杉浦,山﨑福
7/30,木,ロッテ,3,-,4,楽天,ZOZOマリン,18,0,久保,岩下
7/30,木,ソフトバンク,0,-,6,西武,PayPayドーム,18,0,與座,板東
7/31,金,巨人,2,-,1,広島,東京ドーム,18,0,大江,森下
7/31,金,中日,5,-,3,ヤクルト,ナゴヤドーム,18,0,大野雄,中澤
7/31,金,阪神,3,-,3,DeNA,甲子園,18,0,藤川,三嶋
7/31,金,日本ハム,2,-,7,オリックス,札幌ドーム,18,0,齋藤,有原
7/31,金,ロッテ,5,-,4,楽天,ZOZOマリン,18,0,石川,則本昂
7/31,金,ソフトバンク,5,-,4,西武,PayPayドーム,18,0,嘉弥真,ニール
8/1,土,巨人,11,-,3,広島,東京ドーム,14,0,田口,床田
8/1,土,中日,3,-,1,ヤクルト,ナゴヤドーム,14,0,勝野,小川
8/1,土,阪神,3,-,7,DeNA,甲子園,18,0,今永,西勇
8/1,土,日本ハム,3,-,1,オリックス,札幌ドーム,14,0,バーヘイゲン,田嶋
8/1,土,ロッテ,0,-,8,楽天,ZOZOマリン,17,0,塩見,種市
8/1,土,ソフトバンク,4,-,0,西武,PayPayドーム,14,0,石川,本田
8/2,日,巨人,2,-,9,広島,東京ドーム,14,0,遠藤,桜井
8/2,日,中日,0,-,0,ヤクルト,ナゴヤドーム,14,0,梅津,石山
8/2,日,阪神,3,-,1,DeNA,甲子園,18,0,馬場,平良
8/2,日,ロッテ,7,-,6,楽天,ZOZOマリン,17,0,チェン・グァンユウ,酒居
8/2,日,ソフトバンク,,中止,,西武,PayPayドーム,13,0,,
8/4,火,ヤクルト,3,-,6,広島,神　宮,18,0,塹江,清水
8/4,火,DeNA,3,-,0,中日,横　浜,18,0,井納,福谷
8/4,火,阪神,2,-,7,巨人,甲子園,18,0,菅野,ガルシア
8/4,火,日本ハム,11,-,4,西武,札幌ドーム,18,0,上沢,髙橋光
8/4,火,楽天,7,-,6,ソフトバンク,楽天生命パーク,18,0,津留﨑,モイネロ
8/4,火,オリックス,5,-,5,ロッテ,京セラD大阪,18,0,ディクソン,唐川
8/5,水,ヤクルト,1,-,4,広島,神　宮,18,0,野村,大西
8/5,水,DeNA,8,-,2,中日,横　浜,18,0,濵口,柳
8/5,水,阪神,1,-,4,巨人,甲子園,18,0,戸郷,藤浪
8/5,水,日本ハム,2,-,7,西武,札幌ドーム,18,0,平井,マルティネス
8/5,水,楽天,6,-,0,ソフトバンク,楽天生命パーク,18,0,涌井,和田
8/5,水,オリックス,1,-,12,ロッテ,京セラD大阪,18,0,小島,鈴木
8/6,木,ヤクルト,9,-,5,広島,神　宮,18,0,マクガフ,薮田
8/6,木,DeNA,3,-,0,中日,横　浜,18,0,大貫,松葉
8/6,木,阪神,11,-,0,巨人,甲子園,18,0,髙橋,メルセデス
8/6,木,日本ハム,5,-,3,西武,札幌ドーム,18,0,河野,與座
8/6,木,楽天,1,-,3,ソフトバンク,楽天生命パーク,18,0,板東,松井
8/6,木,オリックス,3,-,1,ロッテ,京セラD大阪,18,0,山﨑福,岩下
8/7,金,ヤクルト,8,-,2,DeNA,神　宮,18,0,吉田大喜,上茶谷
8/7,金,中日,7,-,1,巨人,ナゴヤドーム,18,0,大野雄,田口
8/7,金,広島,11,-,6,阪神,マツダスタジアム,18,0,森下,青柳
8/7,金,日本ハム,3,-,2,西武,札幌ドーム,18,0,杉浦,ニール
8/7,金,楽天,7,-,4,ソフトバンク,楽天生命パーク,18,0,宋家豪,東浜
8/7,金,オリックス,3,-,6,ロッテ,京セラD大阪,18,0,石川,榊原
8/8,土,ヤクルト,4,-,5,DeNA,神　宮,18,0,今永,小川
8/8,土,中日,3,-,1,巨人,ナゴヤドーム,14,0,福,畠
8/8,土,広島,2,-,1,阪神,マツダスタジアム,18,0,大瀬良,藤川
8/8,土,日本ハム,7,-,6,西武,札幌ドーム,14,0,井口,宮川
8/8,土,楽天,4,-,2,ソフトバンク,楽天生命パーク,18,0,塩見,二保
8/8,土,オリックス,3,-,9,ロッテ,京セラD大阪,14,0,二木,K-鈴木
8/9,日,ヤクルト,0,-,4,DeNA,神　宮,18,0,平良,山中
8/9,日,中日,2,-,2,巨人,ナゴヤドーム,14,0,谷元,田中豊
8/9,日,広島,1,-,5,阪神,マツダスタジアム,18,0,秋山,遠藤
8/9,日,日本ハム,2,-,1,西武,札幌ドーム,13,0,バーヘイゲン,本田
8/9,日,楽天,0,-,5,ソフトバンク,楽天生命パーク,17,0,板東,福井
8/9,日,オリックス,0,-,4,ロッテ,京セラD大阪,13,0,中村稔,アルバース
8/10,月,DeNA,6,-,4,阪神,横　浜,18,0,国吉,岩貞
8/10,月,広島,6,-,1,中日,マツダスタジアム,18,0,九里,小笠原
8/11,火,DeNA,2,-,9,阪神,横　浜,18,0,ガルシア,井納
8/11,火,広島,1,-,8,中日,マツダスタジアム,18,0,福谷,野村
8/11,火,西武,5,-,7,楽天,メットライフ,18,0,弓削,髙橋光
8/11,火,ロッテ,3,-,1,日本ハム,ZOZOマリン,18,0,美馬,上沢
8/11,火,ソフトバンク,8,-,7,オリックス,PayPayドーム,18,0,千賀,吉田凌
8/12,水,巨人,8,-,1,ヤクルト,東京ドーム,18,0,菅野,原
8/12,水,DeNA,6,-,7,阪神,横　浜,18,0,青柳,濵口
8/12,水,広島,1,-,4,中日,マツダスタジアム,18,0,柳,ジョンソン
8/12,水,西武,2,-,6,楽天,メットライフ,18,0,涌井,伊藤
8/12,水,ロッテ,4,-,12,日本ハム,ZOZOマリン,18,0,玉井,小島
8/12,水,ソフトバンク,6,-,0,オリックス,PayPayドーム,18,0,和田,田嶋
8/13,木,巨人,4,-,3,ヤクルト,東京ドーム,18,0,中川,大下
8/13,木,西武,4,-,7,楽天,メットライフ,18,0,酒居,與座
8/13,木,ロッテ,8,-,6,日本ハム,ZOZOマリン,18,0,フローレス,金子
8/13,木,ソフトバンク,3,-,1,オリックス,PayPayドーム,18,0,大竹,張
8/14,金,巨人,6,-,1,中日,東京ドーム,18,0,戸郷,松葉
8/14,金,DeNA,6,-,2,ヤクルト,横　浜,18,0,大貫,吉田大喜
8/14,金,阪神,0,-,6,広島,京セラD大阪,18,0,森下,藤浪
8/14,金,西武,13,-,8,楽天,メットライフ,18,0,今井,津留﨑
8/14,金,ロッテ,12,-,5,日本ハム,ZOZOマリン,18,0,石川,北浦
8/14,金,ソフトバンク,4,-,1,オリックス,PayPayドーム,14,0,嘉弥真,山﨑福
8/15,土,巨人,4,-,7,中日,東京ドーム,14,0,ロドリゲス,田口
8/15,土,DeNA,0,-,9,ヤクルト,横　浜,18,0,小川,今永
8/15,土,阪神,10,-,2,広島,京セラD大阪,18,0,西勇,大瀬良
8/15,土,西武,3,-,3,楽天,メットライフ,18,0,平良,牧田
8/15,土,ロッテ,0,-,9,日本ハム,ZOZOマリン,17,0,有原,二木
8/15,土,ソフトバンク,2,-,8,オリックス,PayPayドーム,13,0,吉田凌,二保
8/16,日,巨人,1,-,4,中日,東京ドーム,13,0,大野雄,畠
8/16,日,DeNA,4,-,7,ヤクルト,横　浜,18,0,山中,平良
8/16,日,阪神,2,-,2,広島,京セラD大阪,18,0,岩貞,フランスア
8/16,日,西武,11,-,1,楽天,メットライフ,18,0,本田,福井
8/16,日,ロッテ,6,-,5,日本ハム,ZOZOマリン,17,0,ハーマン,宮西
8/16,日,ソフトバンク,6,-,2,オリックス,PayPayドーム,13,0,石川,アルバース
8/18,火,巨人,1,-,0,阪神,東京ドーム,18,0,菅野,髙橋
8/18,火,ヤクルト,3,-,8,中日,神　宮,18,0,小笠原,高橋
8/18,火,広島,3,-,4,DeNA,マツダスタジアム,18,0,井納,九里
8/18,火,日本ハム,9,-,4,楽天,札幌ドーム,18,0,上沢,弓削
8/18,火,ロッテ,6,-,4,ソフトバンク,ZOZOマリン,18,0,美馬,千賀
8/18,火,オリックス,1,-,3,西武,京セラD大阪,18,0,髙橋光,ヒギンス
8/19,水,巨人,8,-,0,阪神,東京ドーム,18,0,田中豊,ガルシア
8/19,水,ヤクルト,2,-,11,中日,神　宮,18,0,福谷,原
8/19,水,広島,2,-,2,DeNA,マツダスタジアム,18,0,薮田,三嶋
8/19,水,日本ハム,2,-,12,楽天,札幌ドーム,18,0,涌井,杉浦
8/19,水,ロッテ,2,-,2,ソフトバンク,ZOZOマリン,18,0,東妻,板東
8/19,水,オリックス,3,-,4,西武,京セラD大阪,18,0,ギャレット,ディクソン
8/20,木,巨人,2,-,0,阪神,東京ドーム,18,0,戸郷,青柳
8/20,木,ヤクルト,7,-,3,中日,神　宮,18,0,高梨,柳
8/20,木,広島,1,-,10,DeNA,マツダスタジアム,18,0,ピープルズ,ジョンソン
8/20,木,日本ハム,3,-,3,楽天,札幌ドーム,18,0,金子,ブセニッツ
8/20,木,ロッテ,5,-,4,ソフトバンク,ZOZOマリン,18,0,フローレス,嘉弥真
8/20,木,オリックス,4,-,6,西武,京セラD大阪,18,0,平井,吉田一
8/21,金,ヤクルト,4,-,7,阪神,神　宮,18,0,藤浪,吉田大喜
8/21,金,中日,3,-,1,DeNA,ナゴヤドーム,18,0,福,石田
8/21,金,広島,7,-,5,巨人,マツダスタジアム,18,0,森下,田口
8/21,金,日本ハム,1,-,4,楽天,札幌ドーム,18,0,則本昂,玉井
8/21,金,ロッテ,7,-,3,ソフトバンク,ZOZOマリン,18,0,石川,高橋礼
8/21,金,オリックス,3,-,1,西武,京セラD大阪,18,0,ヒギンス,ニール
8/22,土,ヤクルト,5,-,7,阪神,神　宮,18,0,西勇,クック
8/22,土,中日,5,-,0,DeNA,ナゴヤドーム,14,0,ロドリゲス,阪口
8/22,土,広島,10,-,4,巨人,マツダスタジアム,18,0,大瀬良,畠
8/22,土,日本ハム,5,-,1,楽天,札幌ドーム,14,0,有原,塩見
8/22,土,ロッテ,2,-,3,ソフトバンク,ZOZOマリン,17,0,モイネロ,ハーマン
8/22,土,オリックス,5,-,2,西武,京セラD大阪,14,0,張,内海
8/23,日,ヤクルト,4,-,2,阪神,神　宮,18,0,小川,ガンケル
8/23,日,中日,3,-,0,DeNA,ナゴヤドーム,14,0,大野雄,国吉
8/23,日,広島,2,-,1,巨人,マツダスタジアム,18,0,塹江,大竹
8/23,日,日本ハム,11,-,0,楽天,札幌ドーム,14,0,バーヘイゲン,福井
8/23,日,ロッテ,4,-,6,ソフトバンク,ZOZOマリン,17,0,石川,中村稔
8/23,日,オリックス,6,-,5,西武,京セラD大阪,13,0,吉田凌,ギャレット
8/25,火,ヤクルト,4,-,8,巨人,神　宮,18,0,菅野,長谷川
8/25,火,DeNA,5,-,4,広島,横　浜,18,0,三嶋,塹江
8/25,火,阪神,5,-,1,中日,甲子園,18,0,髙橋,小笠原
8/25,火,楽天,4,-,8,ロッテ,楽天生命パーク,18,0,美馬,J.T.シャギワ
8/25,火,西武,3,-,4,日本ハム,メットライフ,18,0,上沢,髙橋光
8/25,火,ソフトバンク,4,-,0,オリックス,PayPayドーム,18,0,千賀,山本
8/26,水,ヤクルト,5,-,12,巨人,神　宮,18,0,高梨,長谷川
8/26,水,DeNA,2,-,4,広島,横　浜,18,0,野村,濵口
8/26,水,阪神,11,-,3,中日,甲子園,18,0,ガルシア,福谷
8/26,水,楽天,0,-,2,ロッテ,楽天生命パーク,18,0,小島,涌井
8/26,水,西武,5,-,8,日本ハム,メットライフ,18,0,杉浦,榎田
8/26,水,ソフトバンク,4,-,3,オリックス,PayPayドーム,18,0,森,ディクソン
8/27,木,ヤクルト,2,-,5,巨人,神　宮,18,0,戸郷,高梨
8/27,木,DeNA,3,-,2,広島,横　浜,18,0,井納,ジョンソン
8/27,木,阪神,6,-,3,中日,甲子園,18,0,青柳,柳
8/27,木,楽天,15,-,0,ロッテ,楽天生命パーク,18,0,松井,岩下
8/27,木,西武,8,-,7,日本ハム,メットライフ,18,0,森脇,堀
8/27,木,ソフトバンク,4,-,2,オリックス,PayPayドーム,18,0,笠谷,山岡
8/28,金,巨人,3,-,5,中日,東京ドーム,18,0,岡田,鍵谷
8/28,金,DeNA,6,-,2,ヤクルト,横　浜,18,0,ピープルズ,吉田大喜
8/28,金,広島,4,-,3,阪神,マツダスタジアム,18,0,フランスア,岩崎
8/28,金,楽天,2,-,1,西武,楽天生命パーク,18,0,則本昂,ニール
8/28,金,オリックス,3,-,5,ロッテ,京セラD大阪,18,0,石川,山﨑福
8/28,金,ソフトバンク,9,-,1,日本ハム,PayPayドーム,18,0,武田,金子
8/29,土,巨人,12,-,3,中日,東京ドーム,14,0,今村,ロドリゲス
8/29,土,DeNA,9,-,3,ヤクルト,横　浜,18,0,国吉,クック
8/29,土,広島,5,-,6,阪神,マツダスタジアム,18,0,岩貞,大瀬良
8/29,土,楽天,3,-,6,西武,楽天生命パーク,18,0,ノリン,塩見
8/29,土,オリックス,1,-,5,ロッテ,京セラD大阪,14,0,二木,張
8/29,土,ソフトバンク,3,-,0,日本ハム,PayPayドーム,14,0,ムーア,有原
8/30,日,巨人,3,-,2,中日,東京ドーム,14,0,大江,勝野
8/30,日,DeNA,4,-,6,ヤクルト,横　浜,18,0,小川,阪口
8/30,日,広島,3,-,5,阪神,マツダスタジアム,18,0,岩貞,フランスア
8/30,日,楽天,2,-,3,西武,楽天生命パーク,17,0,森脇,ブセニッツ
8/30,日,オリックス,5,-,0,ロッテ,京セラD大阪,13,0,アルバース,中村稔
8/30,日,ソフトバンク,8,-,5,日本ハム,PayPayドーム,13,0,高橋礼,バーヘイゲン
9/1,火,巨人,3,-,2,DeNA,東京ドーム,18,0,デラロサ,エスコバー
9/1,火,中日,5,-,0,広島,ナゴヤドーム,18,0,大野雄,九里
9/1,火,阪神,2,-,1,ヤクルト,甲子園,18,0,スアレス,イノーア
9/1,火,日本ハム,8,-,1,楽天,札幌ドーム,18,0,上沢,宋家豪
9/1,火,ロッテ,1,-,9,西武,ZOZOマリン,18,0,髙橋光,大嶺
9/1,火,オリックス,5,-,0,ソフトバンク,京セラD大阪,18,0,山本,千賀
9/2,水,巨人,3,-,1,DeNA,東京ドーム,18,0,サンチェス,濵口
9/2,水,中日,5,-,9,広島,ナゴヤドーム,18,0,野村,小笠原
9/2,水,阪神,2,-,3,ヤクルト,甲子園,18,0,石山,馬場
9/2,水,日本ハム,3,-,5,楽天,札幌ドーム,18,0,池田駿,秋吉
9/2,水,ロッテ,2,-,4,西武,ZOZOマリン,18,0,内海,小島
9/2,水,オリックス,3,-,3,ソフトバンク,京セラD大阪,18,0,ディクソン,板東
9/3,木,巨人,13,-,4,DeNA,東京ドーム,18,0,田口,パットン
9/3,木,中日,6,-,0,広島,ナゴヤドーム,18,0,福谷,ジョンソン
9/3,木,阪神,4,-,3,ヤクルト,甲子園,18,0,岩貞,高橋
9/3,木,日本ハム,4,-,0,楽天,札幌ドーム,18,0,加藤,松井
9/3,木,ロッテ,8,-,5,西武,ZOZOマリン,18,0,岩下,平井
9/3,木,オリックス,4,-,5,ソフトバンク,京セラD大阪,18,0,二保,富山
9/4,金,ヤクルト,2,-,4,中日,神　宮,18,0,又吉,高梨
9/4,金,阪神,5,-,4,巨人,甲子園,18,0,西勇,戸郷
9/4,金,広島,12,-,12,DeNA,マツダスタジアム,18,0,フランスア,エスコバー
9/4,金,日本ハム,2,-,6,西武,札幌ドーム,18,0,ニール,杉浦
9/4,金,楽天,4,-,3,オリックス,楽天生命パーク,18,0,青山,山岡
9/4,金,ソフトバンク,3,-,4,ロッテ,PayPayドーム,18,0,石川,板東
9/5,土,ヤクルト,1,-,3,中日,神　宮,18,0,R.マルティネス,清水
9/5,土,阪神,2,-,11,巨人,甲子園,18,0,今村,藤浪
9/5,土,広島,1,-,10,DeNA,マツダスタジアム,14,0,大貫,大瀬良
9/5,土,日本ハム,6,-,2,西武,札幌ドーム,14,0,有原,ギャレット
9/5,土,楽天,6,-,5,オリックス,楽天生命パーク,14,0,塩見,山﨑福
9/5,土,ソフトバンク,4,-,5,ロッテ,PayPayドーム,14,0,美馬,笠谷
9/6,日,ヤクルト,10,-,3,中日,神　宮,18,0,小川,ロドリゲス
9/6,日,阪神,,中止,,巨人,甲子園,18,0,,
9/6,日,広島,5,-,8,DeNA,マツダスタジアム,13,30,京山,ケムナ
9/6,日,日本ハム,2,-,4,西武,札幌ドーム,13,0,松本,バーヘイゲン
9/6,日,楽天,6,-,9,オリックス,楽天生命パーク,13,0,飯田優,福井
9/6,日,ソフトバンク,2,-,4,ロッテ,PayPayドーム,13,0,二木,石川
9/7,月,阪神,2,-,3,巨人,甲子園,18,0,メルセデス,髙橋
9/7,月,広島,,中止,,DeNA,マツダスタジアム,18,0,,
9/8,火,DeNA,7,-,7,阪神,横　浜,17,45,エスコバー,スアレス
9/8,火,中日,0,-,2,巨人,ナゴヤドーム,18,0,菅野,大野雄
9/8,火,広島,5,-,1,ヤクルト,マツダスタジアム,18,0,九里,石川
9/8,火,楽天,0,-,2,ソフトバンク,楽天生命パーク,18,0,千賀,辛島
9/8,火,西武,2,-,0,オリックス,メットライフ,18,0,髙橋光,山本
9/8,火,ロッテ,3,-,2,日本ハム,ZOZOマリン,18,0,小野,上沢
9/9,水,DeNA,6,-,1,阪神,横　浜,17,45,上茶谷,青柳
9/9,水,中日,4,-,5,巨人,ナゴヤドーム,18,0,鍵谷,福
9/9,水,広島,10,-,10,ヤクルト,マツダスタジアム,18,0,フランスア,石山
9/9,水,楽天,1,-,8,ソフトバンク,楽天生命パーク,18,0,和田,涌井
9/9,水,西武,13,-,5,オリックス,メットライフ,18,0,十亀,田嶋
9/9,水,ロッテ,2,-,1,日本ハム,ZOZOマリン,18,0,小島,金子
9/10,木,DeNA,7,-,8,阪神,横　浜,17,45,ガンケル,国吉
9/10,木,中日,2,-,2,巨人,ナゴヤドーム,18,0,祖父江,高梨
9/10,木,広島,2,-,1,ヤクルト,マツダスタジアム,18,0,森下,マクガフ
9/10,木,楽天,2,-,9,ソフトバンク,楽天生命パーク,18,0,東浜,松井
9/10,木,西武,4,-,12,オリックス,メットライフ,18,0,竹安,平井
9/10,木,ロッテ,3,-,5,日本ハム,ZOZOマリン,18,0,村田,岩下
9/11,金,巨人,2,-,1,ヤクルト,東京ドーム,18,0,中川,清水
9/11,金,DeNA,2,-,3,中日,横　浜,18,0,柳,井納
9/11,金,阪神,4,-,0,広島,甲子園,18,0,西勇,床田
9/11,金,楽天,5,-,4,日本ハム,楽天生命パーク,18,0,青山,玉井
9/11,金,ロッテ,2,-,0,オリックス,ZOZOマリン,18,0,中村稔,山岡
9/11,金,ソフトバンク,4,-,2,西武,PayPayドーム,18,0,ムーア,ニール
9/12,土,巨人,5,-,4,ヤクルト,東京ドーム,18,0,鍵谷,近藤
9/12,土,DeNA,7,-,3,中日,横　浜,17,0,濵口,松葉
9/12,土,阪神,3,-,1,広島,甲子園,14,0,秋山,遠藤
9/12,土,楽天,,中止,,日本ハム,楽天生命パーク,14,0,,
9/12,土,ロッテ,,中止,,オリックス,ZOZOマリン,17,0,,
9/12,土,ソフトバンク,8,-,4,西武,PayPayドーム,18,0,武田,ノリン
9/13,日,巨人,3,-,1,ヤクルト,東京ドーム,14,0,メルセデス,小川
9/13,日,DeNA,2,-,3,中日,横　浜,17,0,又吉,大貫
9/13,日,阪神,7,-,6,広島,甲子園,14,0,スアレス,塹江
9/13,日,楽天,14,-,6,日本ハム,楽天生命パーク,13,0,寺岡,有原
9/13,日,ロッテ,9,-,2,オリックス,ZOZOマリン,17,0,美馬,山田
9/13,日,ソフトバンク,0,-,1,西武,PayPayドーム,13,0,松本,石川
9/14,月,楽天,1,-,2,日本ハム,楽天生命パーク,17,0,バーヘイゲン,塩見
9/14,月,ロッテ,5,-,0,オリックス,ZOZOマリン,18,0,二木,アルバース
9/15,火,巨人,6,-,3,阪神,東京ドーム,18,0,菅野,髙橋
9/15,火,ヤクルト,3,-,8,DeNA,神　宮,18,0,坂本,石川
9/15,火,広島,6,-,3,中日,マツダスタジアム,18,0,九里,大野雄
9/15,火,日本ハム,3,-,2,ソフトバンク,札幌ドーム,18,0,上沢,千賀
9/15,火,西武,4,-,3,ロッテ,メットライフ,18,0,小川,ハーマン
9/15,火,オリックス,5,-,1,楽天,ほっと神戸,18,0,山本,辛島
9/16,水,巨人,7,-,6,阪神,東京ドーム,18,0,田口,青柳
9/16,水,ヤクルト,3,-,2,DeNA,神　宮,18,0,梅野,エスコバー
9/16,水,広島,9,-,2,中日,マツダスタジアム,18,0,野村,岡野
9/16,水,日本ハム,4,-,5,ソフトバンク,札幌ドーム,18,0,高橋礼,公文
9/16,水,西武,3,-,1,ロッテ,メットライフ,18,0,浜屋,小島
9/16,水,オリックス,2,-,0,楽天,ほっと神戸,18,0,田嶋,涌井
9/17,木,巨人,0,-,11,阪神,東京ドーム,18,0,西勇,サンチェス
9/17,木,ヤクルト,9,-,0,DeNA,神　宮,18,0,高梨,ピープルズ
9/17,木,広島,,中止,,中日,マツダスタジアム,18,0,,
9/17,木,日本ハム,1,-,2,ソフトバンク,札幌ドーム,18,0,東浜,上原
9/17,木,西武,1,-,8,ロッテ,メットライフ,18,0,岩下,内海
9/17,木,オリックス,4,-,5,楽天,ほっと神戸,18,0,松井,増井
9/18,金,ヤクルト,14,-,5,広島,神　宮,18,0,スアレス,床田
9/18,金,DeNA,6,-,0,巨人,横　浜,18,0,井納,戸郷
9/18,金,中日,4,-,8,阪神,ナゴヤドーム,18,0,馬場,柳
9/18,金,日本ハム,7,-,3,ロッテ,札幌ドーム,18,0,加藤,中村稔
9/18,金,オリックス,8,-,2,西武,京セラD大阪,18,0,山岡,ニール
9/18,金,ソフトバンク,9,-,3,楽天,PayPayドーム,18,0,ムーア,石橋
9/19,土,ヤクルト,2,-,3,広島,神　宮,18,30,フランスア,石山
9/19,土,DeNA,7,-,1,巨人,横　浜,14,0,濵口,今村
9/19,土,中日,4,-,1,阪神,ナゴヤドーム,14,0,福谷,秋山
9/19,土,日本ハム,3,-,1,ロッテ,札幌ドーム,14,0,有原,石崎
9/19,土,オリックス,6,-,3,西武,京セラD大阪,18,0,山﨑福,ノリン
9/19,土,ソフトバンク,1,-,3,楽天,PayPayドーム,14,0,酒居,高橋礼
9/20,日,ヤクルト,8,-,6,広島,神　宮,18,30,小川,中村祐
9/20,日,DeNA,0,-,5,巨人,横　浜,14,0,畠,大貫
9/20,日,中日,4,-,2,阪神,ナゴヤドーム,14,0,松葉,中田
9/20,日,日本ハム,3,-,5,ロッテ,札幌ドーム,14,0,益田,鈴木健
9/20,日,オリックス,4,-,5,西武,京セラD大阪,13,0,森脇,吉田凌
9/20,日,ソフトバンク,2,-,3,楽天,PayPayドーム,13,0,岸,石川
9/21,月,巨人,10,-,3,広島,東京ドーム,18,0,鍵谷,九里
9/21,月,中日,9,-,3,ヤクルト,ナゴヤドーム,18,0,勝野,山中
9/21,月,阪神,5,-,3,DeNA,甲子園,14,0,岩崎,国吉
9/22,火,巨人,5,-,4,広島,東京ドーム,18,0,デラロサ,フランスア
9/22,火,中日,3,-,0,ヤクルト,ナゴヤドーム,18,0,大野雄,石川
9/22,火,阪神,6,-,3,DeNA,甲子園,14,0,岩崎,石田
9/22,火,楽天,12,-,4,ロッテ,楽天生命パーク,13,0,ジョンソン,石川
9/22,火,西武,1,-,5,日本ハム,メットライフ,18,0,上沢,髙橋光
9/22,火,ソフトバンク,0,-,1,オリックス,PayPayドーム,18,0,山本,千賀
9/23,水,巨人,7,-,3,広島,東京ドーム,18,0,田口,野村
9/23,水,中日,11,-,5,ヤクルト,ナゴヤドーム,18,0,又吉,歳内
9/23,水,阪神,0,-,4,DeNA,甲子園,18,0,上茶谷,青柳
9/23,水,楽天,5,-,3,ロッテ,楽天生命パーク,18,0,涌井,唐川
9/23,水,西武,6,-,5,日本ハム,メットライフ,18,0,浜屋,バーヘイゲン
9/23,水,ソフトバンク,5,-,10,オリックス,PayPayドーム,18,0,田嶋,武田
9/24,木,楽天,3,-,0,ロッテ,楽天生命パーク,18,0,松井,岩下
9/24,木,西武,2,-,12,日本ハム,メットライフ,18,0,上原,伊藤
9/24,木,ソフトバンク,3,-,3,オリックス,PayPayドーム,18,0,高橋礼,富山
9/25,金,巨人,8,-,4,中日,東京ドーム,18,0,サンチェス,柳
9/25,金,ヤクルト,6,-,3,阪神,神　宮,18,0,梅野,西勇
9/25,金,広島,5,-,3,DeNA,マツダスタジアム,18,0,床田,井納
9/25,金,西武,5,-,4,楽天,メットライフ,18,0,森脇,牧田
9/25,金,ロッテ,7,-,4,ソフトバンク,ZOZOマリン,18,0,二木,ムーア
9/25,金,オリックス,9,-,2,日本ハム,京セラD大阪,18,0,山岡,マルティネス
9/26,土,巨人,2,-,3,中日,東京ドーム,14,0,祖父江,大竹
9/26,土,ヤクルト,2,-,1,阪神,神　宮,18,30,スアレス,藤浪
9/26,土,広島,2,-,5,DeNA,マツダスタジアム,14,0,濵口,森下
9/26,土,西武,5,-,1,楽天,メットライフ,14,0,森脇,酒居
9/26,土,ロッテ,3,-,7,ソフトバンク,ZOZOマリン,14,0,東浜,中村稔
9/26,土,オリックス,5,-,6,日本ハム,京セラD大阪,14,0,宮西,山田
9/27,日,巨人,5,-,1,中日,東京ドーム,14,0,戸郷,松葉
9/27,日,ヤクルト,3,-,9,阪神,神　宮,18,30,秋山,吉田大喜
9/27,日,広島,1,-,3,DeNA,マツダスタジアム,13,30,大貫,中村祐
9/27,日,西武,6,-,2,楽天,メットライフ,13,0,松本,瀧中
9/27,日,ロッテ,8,-,4,ソフトバンク,ZOZOマリン,13,0,美馬,二保
9/27,日,オリックス,12,-,8,日本ハム,京セラD大阪,13,0,山﨑福,加藤
9/28,月,広島,4,-,0,DeNA,マツダスタジアム,18,0,九里,京山
9/29,火,DeNA,8,-,4,ヤクルト,横　浜,18,0,坂本,小川
9/29,火,阪神,7,-,3,中日,甲子園,18,0,髙橋,勝野
9/29,火,広島,1,-,6,巨人,マツダスタジアム,18,0,菅野,遠藤
9/29,火,日本ハム,3,-,4,ロッテ,札幌ドーム,18,0,石川,上沢
9/29,火,楽天,2,-,6,ソフトバンク,楽天生命パーク,18,0,千賀,則本昂
9/29,火,オリックス,3,-,0,西武,京セラD大阪,18,0,山本,髙橋光
9/30,水,DeNA,3,-,5,ヤクルト,横　浜,18,0,石川,上茶谷
9/30,水,阪神,0,-,9,中日,甲子園,18,0,大野雄,青柳
9/30,水,広島,4,-,1,巨人,マツダスタジアム,18,0,野村,田口
9/30,水,日本ハム,1,-,2,ロッテ,札幌ドーム,18,0,小島,バーヘイゲン
9/30,水,楽天,9,-,3,ソフトバンク,楽天生命パーク,18,0,涌井,武田
9/30,水,オリックス,5,-,0,西武,京セラD大阪,18,0,増井,浜屋
10/1,木,DeNA,0,-,2,ヤクルト,横　浜,18,0,歳内,武藤
10/1,木,阪神,2,-,0,中日,甲子園,18,0,岩田,ロドリゲス
10/1,木,広島,3,-,5,巨人,マツダスタジアム,18,0,サンチェス,スコット
10/1,木,日本ハム,3,-,2,ロッテ,札幌ドーム,18,0,杉浦,岩下
10/1,木,楽天,1,-,4,ソフトバンク,楽天生命パーク,18,0,石川,松井
10/1,木,オリックス,6,-,7,西武,京セラD大阪,18,0,宮川,ヒギンス
10/2,金,ヤクルト,5,-,7,広島,神　宮,18,0,床田,クック
10/2,金,DeNA,5,-,8,中日,横　浜,18,0,福,石田
10/2,金,阪神,4,-,1,巨人,甲子園,18,0,西勇,今村
10/2,金,ロッテ,0,-,1,西武,ZOZOマリン,18,0,増田,澤村
10/2,金,オリックス,0,-,4,楽天,京セラD大阪,18,0,松井,富山
10/2,金,ソフトバンク,7,-,5,日本ハム,PayPayドーム,18,0,ムーア,上原
10/3,土,ヤクルト,2,-,13,広島,神　宮,18,30,森下,スアレス
10/3,土,DeNA,7,-,9,中日,横　浜,14,0,福谷,濵口
10/3,土,阪神,4,-,7,巨人,甲子園,14,0,畠,ガンケル
10/3,土,ロッテ,6,-,3,西武,ZOZOマリン,14,0,唐川,森脇
10/3,土,オリックス,3,-,5,楽天,京セラD大阪,14,0,寺岡,齋藤
10/3,土,ソフトバンク,2,-,1,日本ハム,PayPayドーム,18,0,東浜,有原
10/4,日,ヤクルト,4,-,6,広島,神　宮,18,30,中村祐,吉田大喜
10/4,日,DeNA,9,-,3,中日,横　浜,14,0,大貫,松葉
10/4,日,阪神,1,-,7,巨人,甲子園,14,0,大江,秋山
10/4,日,ロッテ,8,-,1,西武,ZOZOマリン,13,0,美馬,松本
10/4,日,オリックス,9,-,2,楽天,京セラD大阪,13,0,山田,寺岡
10/4,日,ソフトバンク,8,-,4,日本ハム,PayPayドーム,14,0,和田,河野
10/5,月,阪神,6,-,1,巨人,甲子園,18,0,髙橋,桜井
10/6,火,巨人,6,-,4,DeNA,東京ドーム,18,0,菅野,坂本
10/6,火,中日,4,-,0,ヤクルト,ナゴヤドーム,18,0,勝野,久保
10/6,火,広島,4,-,4,阪神,マツダスタジアム,18,0,中田,スアレス
10/6,火,日本ハム,5,-,3,楽天,札幌ドーム,18,0,上沢,則本昂
10/6,火,西武,3,-,1,ソフトバンク,メットライフ,18,0,髙橋光,千賀
10/6,火,ロッテ,0,-,3,オリックス,ZOZOマリン,18,0,山本,石川
10/7,水,巨人,3,-,6,DeNA,東京ドーム,18,0,平田,田口
10/7,水,中日,4,-,1,ヤクルト,ナゴヤドーム,18,0,大野雄,石川
10/7,水,広島,9,-,3,阪神,マツダスタジアム,18,0,遠藤,岩田
10/7,水,日本ハム,2,-,2,楽天,札幌ドーム,18,0,西村,寺岡
10/7,水,西武,4,-,3,ソフトバンク,メットライフ,18,0,平良,モイネロ
10/7,水,ロッテ,4,-,1,オリックス,ZOZOマリン,18,0,小島,アルバース
10/8,木,巨人,9,-,7,DeNA,東京ドーム,18,0,サンチェス,井納
10/8,木,広島,1,-,9,阪神,マツダスタジアム,18,0,西勇,野村
10/8,木,日本ハム,1,-,4,楽天,札幌ドーム,18,0,岸,マルティネス
10/8,木,西武,4,-,4,ソフトバンク,メットライフ,18,0,ギャレット,高橋礼
10/8,木,ロッテ,,中止,,オリックス,ZOZOマリン,18,0,,
10/9,金,阪神,,中止,,DeNA,甲子園,18,0,,
10/9,金,広島,7,-,12,ヤクルト,マツダスタジアム,18,0,梅野,中田
10/9,金,日本ハム,4,-,6,オリックス,札幌ドーム,18,0,田嶋,杉浦
10/9,金,楽天,2,-,5,西武,楽天生命パーク,18,0,ニール,塩見
10/9,金,ソフトバンク,1,-,3,ロッテ,PayPayドーム,18,0,二木,ムーア
10/10,土,中日,1,-,7,巨人,ナゴヤドーム,14,0,畠,ロドリゲス
10/10,土,阪神,3,-,5,DeNA,甲子園,14,0,伊勢,ガンケル
10/10,土,広島,3,-,0,ヤクルト,マツダスタジアム,18,0,森下,スアレス
10/10,土,日本ハム,4,-,0,オリックス,札幌ドーム,14,0,有原,山岡
10/10,土,楽天,,ノーゲーム,,西武,楽天生命パーク,14,0,,
10/10,土,ソフトバンク,5,-,1,ロッテ,PayPayドーム,14,0,東浜,中村稔
10/11,日,中日,7,-,0,巨人,ナゴヤドーム,14,0,清水,戸郷
10/11,日,阪神,4,-,3,DeNA,甲子園,14,0,秋山,上茶谷
10/11,日,広島,7,-,4,ヤクルト,マツダスタジアム,13,30,中村祐,小川
10/11,日,日本ハム,5,-,7,オリックス,札幌ドーム,14,0,増井,上原
10/11,日,楽天,8,-,2,西武,楽天生命パーク,13,0,瀧中,松本
10/11,日,ソフトバンク,3,-,0,ロッテ,PayPayドーム,13,0,和田,美馬
10/12,月,中日,3,-,2,巨人,ナゴヤドーム,18,0,福谷,桜井
10/12,月,楽天,,中止,,西武,楽天生命パーク,17,0,,
10/13,火,巨人,3,-,4,広島,東京ドーム,18,0,九里,菅野
10/13,火,ヤクルト,1,-,8,DeNA,神　宮,18,0,大貫,高梨
10/13,火,中日,4,-,2,阪神,ナゴヤドーム,18,0,勝野,髙橋
10/13,火,日本ハム,0,-,7,西武,札幌ドーム,18,0,髙橋光,上沢
10/13,火,ロッテ,4,-,3,楽天,ZOZOマリン,18,0,益田,ブセニッツ
10/13,火,オリックス,0,-,2,ソフトバンク,京セラD大阪,18,0,笠谷,山本
10/14,水,巨人,6,-,1,広島,東京ドーム,18,0,髙橋,遠藤
10/14,水,ヤクルト,6,-,9,DeNA,神　宮,18,0,坂本,石川
10/14,水,中日,3,-,0,阪神,ナゴヤドーム,18,0,大野雄,青柳
10/14,水,日本ハム,7,-,2,西武,札幌ドーム,18,0,バーヘイゲン,浜屋
10/14,水,ロッテ,1,-,4,楽天,ZOZOマリン,18,0,涌井,チェン・ウェイン
10/14,水,オリックス,0,-,4,ソフトバンク,京セラD大阪,18,0,千賀,山﨑福
10/15,木,巨人,5,-,5,広島,東京ドーム,18,0,鍵谷,フランスア
10/15,木,ヤクルト,4,-,3,DeNA,神　宮,18,0,吉田大喜,平良
10/15,木,中日,5,-,3,阪神,ナゴヤドーム,18,0,藤嶋,スアレス
10/15,木,日本ハム,8,-,3,西武,札幌ドーム,18,0,マルティネス,ニール
10/15,木,ロッテ,0,-,6,楽天,ZOZOマリン,18,0,岸,小島
10/15,木,オリックス,4,-,9,ソフトバンク,京セラD大阪,18,0,石川,田嶋
10/16,金,DeNA,2,-,1,巨人,横　浜,18,0,パットン,ビエイラ
10/16,金,阪神,5,-,0,ヤクルト,甲子園,18,0,西勇,歳内
10/16,金,広島,6,-,8,中日,マツダスタジアム,18,0,ロドリゲス,床田
10/16,金,西武,2,-,1,オリックス,メットライフ,18,0,宮川,山岡
10/16,金,ロッテ,5,-,1,日本ハム,ZOZOマリン,18,0,二木,杉浦
10/16,金,ソフトバンク,7,-,3,楽天,PayPayドーム,18,0,ムーア,塩見
10/17,土,DeNA,,中止,,巨人,横　浜,14,0,,
10/17,土,阪神,,中止,,ヤクルト,甲子園,14,0,,
10/17,土,広島,2,-,5,中日,マツダスタジアム,14,0,柳,塹江
10/17,土,西武,1,-,4,オリックス,メットライフ,14,0,張,十亀
10/17,土,ロッテ,,中止,,日本ハム,ZOZOマリン,14,0,,
10/17,土,ソフトバンク,5,-,0,楽天,PayPayドーム,14,0,東浜,石橋
10/18,日,DeNA,10,-,6,巨人,横　浜,14,0,エスコバー,高梨
10/18,日,阪神,6,-,5,ヤクルト,甲子園,14,0,秋山,小川
10/18,日,広島,5,-,0,中日,マツダスタジアム,13,30,中村祐,清水
10/18,日,西武,3,-,2,オリックス,メットライフ,13,0,松本,宮城
10/18,日,ロッテ,2,-,5,日本ハム,ZOZOマリン,13,0,有原,美馬
10/18,日,ソフトバンク,11,-,4,楽天,PayPayドーム,13,0,モイネロ,牧田
10/19,月,阪神,1,-,1,ヤクルト,甲子園,18,0,桑原,梅野
10/19,月,ロッテ,,中止,,日本ハム,ZOZOマリン,18,0,,
10/20,火,ヤクルト,1,-,1,巨人,神　宮,18,0,石山,ビエイラ
10/20,火,中日,6,-,1,DeNA,ナゴヤドーム,18,0,福谷,大貫
10/20,火,阪神,1,-,5,広島,甲子園,18,0,九里,ガルシア
10/20,火,日本ハム,2,-,11,ソフトバンク,札幌ドーム,18,0,笠谷,上沢
10/20,火,楽天,2,-,2,オリックス,楽天生命パーク,18,0,牧田,ディクソン
10/20,火,西武,2,-,1,ロッテ,メットライフ,18,0,増田,益田
10/21,水,ヤクルト,2,-,1,巨人,神　宮,18,0,石川,髙橋
10/21,水,中日,4,-,2,DeNA,ナゴヤドーム,18,0,谷元,エスコバー
10/21,水,阪神,2,-,0,広島,甲子園,18,0,青柳,遠藤
10/21,水,日本ハム,1,-,9,ソフトバンク,札幌ドーム,18,0,千賀,バーヘイゲン
10/21,水,楽天,5,-,6,オリックス,楽天生命パーク,18,0,ヒギンス,松井
10/21,水,西武,2,-,1,ロッテ,メットライフ,18,0,増田,益田
10/22,木,ヤクルト,0,-,6,巨人,神　宮,18,0,サンチェス,吉田大喜
10/22,木,中日,1,-,0,DeNA,ナゴヤドーム,18,0,大野雄,平良
10/22,木,阪神,5,-,9,広島,甲子園,18,0,薮田,岩田
10/22,木,日本ハム,2,-,4,ソフトバンク,札幌ドーム,18,0,ムーア,吉田輝
10/22,木,楽天,6,-,3,オリックス,楽天生命パーク,18,0,岸,田嶋
10/22,木,西武,7,-,4,ロッテ,メットライフ,18,0,ニール,小島
10/23,金,巨人,5,-,4,阪神,東京ドーム,18,0,今村,西勇
10/23,金,ヤクルト,3,-,4,中日,神　宮,18,0,又吉,梅野
10/23,金,DeNA,2,-,0,広島,横　浜,18,0,京山,床田
10/23,金,楽天,4,-,4,日本ハム,楽天生命パーク,18,0,ジョンソン,加藤
10/23,金,オリックス,7,-,2,ロッテ,京セラD大阪,18,0,山岡,二木
10/23,金,ソフトバンク,8,-,1,西武,PayPayドーム,18,0,石川,今井
10/24,土,巨人,1,-,2,阪神,東京ドーム,14,0,髙橋,菅野
10/24,土,ヤクルト,9,-,5,中日,神　宮,18,30,小川,松葉
10/24,土,DeNA,1,-,2,広島,横　浜,14,0,森下,平田
10/24,土,楽天,4,-,5,日本ハム,楽天生命パーク,14,0,堀,ブセニッツ
10/24,土,オリックス,3,-,0,ロッテ,京セラD大阪,14,0,アルバース,古谷
10/24,土,ソフトバンク,1,-,4,西武,PayPayドーム,14,0,森脇,モイネロ
10/25,日,巨人,2,-,4,阪神,東京ドーム,14,0,秋山,畠
10/25,日,ヤクルト,1,-,5,中日,神　宮,18,30,柳,スアレス
10/25,日,DeNA,3,-,0,広島,横　浜,14,0,伊勢,中村祐
10/25,日,楽天,13,-,4,日本ハム,楽天生命パーク,13,0,瀧中,有原
10/25,日,オリックス,1,-,10,ロッテ,京セラD大阪,13,0,岩下,張
10/25,日,ソフトバンク,7,-,2,西武,PayPayドーム,13,0,大竹,松本
10/27,火,DeNA,9,-,2,巨人,横　浜,18,0,大貫,戸郷
10/27,火,阪神,4,-,1,中日,甲子園,18,0,岩崎,福
10/27,火,広島,2,-,0,ヤクルト,マツダスタジアム,18,0,九里,高梨
10/27,火,西武,4,-,3,楽天,メットライフ,18,0,髙橋光,則本昂
10/27,火,オリックス,3,-,5,日本ハム,京セラD大阪,18,0,加藤,榊原
10/27,火,ソフトバンク,5,-,1,ロッテ,PayPayドーム,18,0,和田,石川
10/28,水,DeNA,10,-,6,巨人,横　浜,18,0,伊勢,髙橋
10/28,水,阪神,9,-,1,中日,甲子園,18,0,岩貞,勝野
10/28,水,広島,3,-,2,ヤクルト,マツダスタジアム,18,0,遠藤,石川
10/28,水,西武,4,-,3,楽天,メットライフ,18,0,浜屋,涌井
10/28,水,オリックス,0,-,1,日本ハム,京セラD大阪,18,0,バーヘイゲン,ディクソン
10/28,水,ソフトバンク,2,-,0,ロッテ,PayPayドーム,18,0,千賀,チェン・ウェイン
10/29,木,DeNA,5,-,2,巨人,横　浜,18,0,平良,サンチェス
10/29,木,阪神,3,-,1,中日,甲子園,18,0,西勇,大野雄
10/29,木,広島,3,-,3,ヤクルト,マツダスタジアム,18,0,中田,石山
10/29,木,日本ハム,4,-,3,オリックス,札幌ドーム,18,0,杉浦,山田
10/29,木,西武,5,-,13,楽天,メットライフ,18,0,辛島,ニール
10/29,木,ソフトバンク,4,-,3,ロッテ,PayPayドーム,18,0,嘉弥真,益田
10/30,金,巨人,3,-,3,ヤクルト,東京ドーム,18,0,ビエイラ,石山
10/30,金,DeNA,3,-,3,阪神,横　浜,18,0,三嶋,岩貞
10/30,金,中日,3,-,17,広島,ナゴヤドーム,18,0,床田,谷元
10/30,金,日本ハム,2,-,3,オリックス,札幌ドーム,18,0,山岡,マルティネス
10/30,金,西武,3,-,4,ソフトバンク,メットライフ,18,0,東浜,平井
10/30,金,ロッテ,1,-,2,楽天,ZOZOマリン,18,0,岸,澤村
10/31,土,巨人,6,-,4,ヤクルト,東京ドーム,14,0,菅野,小川
10/31,土,DeNA,5,-,13,阪神,横　浜,14,0,秋山,井納
10/31,土,中日,3,-,9,広島,ナゴヤドーム,14,0,島内,福
10/31,土,日本ハム,6,-,1,オリックス,札幌ドーム,14,0,河野,アルバース
10/31,土,西武,2,-,11,ソフトバンク,メットライフ,14,0,石川,十亀
10/31,土,ロッテ,6,-,3,楽天,ZOZOマリン,14,0,二木,石橋
11/1,日,巨人,2,-,0,ヤクルト,東京ドーム,14,0,畠,スアレス
11/1,日,DeNA,6,-,5,阪神,横　浜,14,0,三嶋,エドワーズ
11/1,日,中日,0,-,3,広島,ナゴヤドーム,14,0,森下,柳
11/1,日,日本ハム,7,-,1,オリックス,札幌ドーム,13,0,有原,本田
11/1,日,西武,3,-,1,ソフトバンク,メットライフ,13,0,松本,笠谷
11/1,日,ロッテ,3,-,3,楽天,ZOZOマリン,13,0,小野,松井
11/2,月,西武,4,-,0,日本ハム,メットライフ,18,0,榎田,生田目
11/3,火,中日,7,-,5,DeNA,ナゴヤドーム,14,0,福谷,大貫
11/3,火,阪神,1,-,4,ヤクルト,甲子園,14,0,梅野,岩貞
11/3,火,広島,2,-,2,巨人,マツダスタジアム,14,0,フランスア,田口
11/3,火,西武,5,-,4,日本ハム,メットライフ,14,0,森脇,玉井
11/3,火,ロッテ,3,-,4,ソフトバンク,ZOZOマリン,14,0,バンデンハーク,石川
11/3,火,オリックス,6,-,3,楽天,京セラD大阪,18,0,山﨑福,則本昂
11/4,水,中日,5,-,4,DeNA,ナゴヤドーム,18,0,祖父江,伊勢
11/4,水,阪神,3,-,2,ヤクルト,甲子園,18,0,スアレス,梅野
11/4,水,広島,5,-,1,巨人,マツダスタジアム,18,0,遠藤,髙橋
11/4,水,西武,10,-,3,日本ハム,メットライフ,18,0,ニール,吉田輝
11/4,水,ロッテ,0,-,2,ソフトバンク,ZOZOマリン,18,0,千賀,チェン・ウェイン
11/4,水,オリックス,8,-,7,楽天,京セラD大阪,18,0,山田,ブセニッツ
11/5,木,中日,2,-,0,DeNA,ナゴヤドーム,18,0,大野雄,平良
11/5,木,阪神,8,-,7,ヤクルト,甲子園,18,0,ガンケル,星
11/5,木,広島,5,-,4,巨人,マツダスタジアム,18,0,ケムナ,田口
11/5,木,ロッテ,6,-,1,ソフトバンク,ZOZOマリン,18,0,美馬,東浜
11/5,木,オリックス,2,-,4,楽天,京セラD大阪,18,0,牧田,張
11/6,金,中日,4,-,5,ヤクルト,ナゴヤドーム,18,0,マクガフ,谷元
11/6,金,楽天,4,-,2,西武,楽天生命パーク,18,0,岸,浜屋
11/6,金,オリックス,4,-,3,日本ハム,京セラD大阪,18,0,宮城,河野
11/7,土,巨人,6,-,2,ヤクルト,東京ドーム,18,0,今村,小川
11/7,土,広島,0,-,2,阪神,マツダスタジアム,14,0,秋山,中村祐
11/7,土,楽天,6,-,6,西武,楽天生命パーク,14,0,松井,増田
11/7,土,ロッテ,4,-,3,オリックス,ZOZOマリン,18,0,二木,榊原
11/8,日,巨人,3,-,5,ヤクルト,東京ドーム,14,0,梅野,田中豊
11/8,日,ロッテ,8,-,2,西武,ZOZOマリン,13,0,岩下,松本
11/9,月,ロッテ,4,-,7,日本ハム,ZOZOマリン,18,0,加藤,フローレス
11/9,月,ソフトバンク,6,-,2,西武,PayPayドーム,18,0,石川,齊藤大
11/10,火,ヤクルト,3,-,7,広島,神　宮,18,0,床田,奥川
11/10,火,阪神,0,-,4,巨人,甲子園,18,0,戸郷,青柳
11/11,水,阪神,1,-,0,DeNA,甲子園,18,0,岩貞,石田
11/11,水,広島,2,-,3,中日,マツダスタジアム,18,0,柳,九里
11/14,土,DeNA,5,-,4,巨人,横　浜,14,0,三嶋,田口
11/14,土,ソフトバンク,4,-,3,ロッテ,PayPayドーム,13,0,モイネロ,澤村
11/15,日,ソフトバンク,6,-,4,ロッテ,PayPayドーム,13,0,モイネロ,チェン・ウェイン